t,location,reward,cue,action
0,CUE LOCATION,No reward,Cue Right,Move to CUE LOCATION
1,LEFT ARM,Loss!,Null,Move to LEFT ARM
2,LEFT ARM,Loss!,Null,Move to LEFT ARM
3,RIGHT ARM,Loss!,Null,Move to RIGHT ARM
4,RIGHT ARM,Reward!,Null,Move to RIGHT ARM
5,RIGHT ARM,Reward!,Null,Move to RIGHT ARM
6,RIGHT ARM,Reward!,Null,Move to RIGHT ARM
7,RIGHT ARM,Reward!,Null,Move to RIGHT ARM
8,RIGHT ARM,Loss!,Null,Move to RIGHT ARM
9,RIGHT ARM,Reward!,Null,Move to RIGHT ARM
10,RIGHT ARM,Reward!,Null,Move to RIGHT ARM
11,RIGHT ARM,Reward!,Null,Move to RIGHT ARM
12,RIGHT ARM,Loss!,Null,Move to RIGHT ARM
13,RIGHT ARM,Reward!,Null,Move to RIGHT ARM
14,RIGHT ARM,Reward!,Null,Move to RIGHT ARM
15,RIGHT ARM,Reward!,Null,Move to RIGHT ARM
16,RIGHT ARM,Reward!,Null,Move to RIGHT ARM
17,RIGHT ARM,Reward!,Null,Move to RIGHT ARM
18,RIGHT ARM,Reward!,Null,Move to RIGHT ARM
19,RIGHT ARM,Reward!,Null,Move to RIGHT ARM
20,RIGHT ARM,Loss!,Null,Move to RIGHT ARM
21,RIGHT ARM,Reward!,Null,Move to RIGHT ARM
22,RIGHT ARM,Reward!,Null,Move to RIGHT ARM
23,RIGHT ARM,Loss!,Null,Move to RIGHT ARM
24,RIGHT ARM,Reward!,Null,Move to RIGHT ARM
25,RIGHT ARM,Reward!,Null,Move to RIGHT ARM
26,RIGHT ARM,Reward!,Null,Move to RIGHT ARM
27,RIGHT ARM,Reward!,Null,Move to RIGHT ARM
28,RIGHT ARM,Reward!,Null,Move to RIGHT ARM
29,RIGHT ARM,Reward!,Null,Move to RIGHT ARM
30,RIGHT ARM,Reward!,Null,Move to RIGHT ARM
31,RIGHT ARM,Reward!,Null,Move to RIGHT ARM
32,RIGHT ARM,Reward!,Null,Move to RIGHT ARM
33,RIGHT ARM,Reward!,Null,Move to RIGHT ARM
34,RIGHT ARM,Reward!,Null,Move to RIGHT ARM
35,RIGHT ARM,Reward!,Null,Move to RIGHT ARM
36,RIGHT ARM,Reward!,Null,Move to RIGHT ARM
37,RIGHT ARM,Reward!,Null,Move to RIGHT ARM
38,RIGHT ARM,Reward!,Null,Move to RIGHT ARM
39,RIGHT ARM,Loss!,Null,Move to RIGHT ARM
40,RIGHT ARM,Reward!,Null,Move to RIGHT ARM
41,RIGHT ARM,Reward!,Null,Move to RIGHT ARM
42,RIGHT ARM,Loss!,Null,Move to RIGHT ARM
43,RIGHT ARM,Reward!,Null,Move to RIGHT ARM
44,RIGHT ARM,Reward!,Null,Move to RIGHT ARM
45,RIGHT ARM,Loss!,Null,Move to RIGHT ARM
46,RIGHT ARM,Reward!,Null,Move to RIGHT ARM
47,RIGHT ARM,Reward!,Null,Move to RIGHT ARM
48,RIGHT ARM,Reward!,Null,Move to RIGHT ARM
49,RIGHT ARM,Reward!,Null,Move to RIGHT ARM
50,RIGHT ARM,Reward!,Null,Move to RIGHT ARM
51,RIGHT ARM,Reward!,Null,Move to RIGHT ARM
52,RIGHT ARM,Reward!,Null,Move to RIGHT ARM
53,RIGHT ARM,Loss!,Null,Move to RIGHT ARM
54,RIGHT ARM,Reward!,Null,Move to RIGHT ARM
55,RIGHT ARM,Reward!,Null,Move to RIGHT ARM
56,RIGHT ARM,Reward!,Null,Move to RIGHT ARM
57,RIGHT ARM,Reward!,Null,Move to RIGHT ARM
58,RIGHT ARM,Reward!,Null,Move to RIGHT ARM
59,RIGHT ARM,Reward!,Null,Move to RIGHT ARM
60,RIGHT ARM,Reward!,Null,Move to RIGHT ARM
61,RIGHT ARM,Reward!,Null,Move to RIGHT ARM
62,RIGHT ARM,Loss!,Null,Move to RIGHT ARM
63,RIGHT ARM,Reward!,Null,Move to RIGHT ARM
64,RIGHT ARM,Reward!,Null,Move to RIGHT ARM
65,RIGHT ARM,Reward!,Null,Move to RIGHT ARM
66,RIGHT ARM,Reward!,Null,Move to RIGHT ARM
67,RIGHT ARM,Reward!,Null,Move to RIGHT ARM
68,RIGHT ARM,Reward!,Null,Move to RIGHT ARM
69,RIGHT ARM,Reward!,Null,Move to RIGHT ARM
70,RIGHT ARM,Reward!,Null,Move to RIGHT ARM
71,RIGHT ARM,Reward!,Null,Move to RIGHT ARM
72,RIGHT ARM,Reward!,Null,Move to RIGHT ARM
73,RIGHT ARM,Loss!,Null,Move to RIGHT ARM
74,RIGHT ARM,Reward!,Null,Move to RIGHT ARM
75,RIGHT ARM,Reward!,Null,Move to RIGHT ARM
76,RIGHT ARM,Reward!,Null,Move to RIGHT ARM
77,RIGHT ARM,Reward!,Null,Move to RIGHT ARM
78,RIGHT ARM,Loss!,Null,Move to RIGHT ARM
79,RIGHT ARM,Reward!,Null,Move to RIGHT ARM
80,RIGHT ARM,Reward!,Null,Move to RIGHT ARM
81,RIGHT ARM,Reward!,Null,Move to RIGHT ARM
82,RIGHT ARM,Reward!,Null,Move to RIGHT ARM
83,RIGHT ARM,Reward!,Null,Move to RIGHT ARM
84,RIGHT ARM,Loss!,Null,Move to RIGHT ARM
85,RIGHT ARM,Reward!,Null,Move to RIGHT ARM
86,RIGHT ARM,Reward!,Null,Move to RIGHT ARM
87,RIGHT ARM,Reward!,Null,Move to RIGHT ARM
88,RIGHT ARM,Loss!,Null,Move to RIGHT ARM
89,RIGHT ARM,Reward!,Null,Move to RIGHT ARM
90,RIGHT ARM,Reward!,Null,Move to RIGHT ARM
91,RIGHT ARM,Reward!,Null,Move to RIGHT ARM
92,RIGHT ARM,Reward!,Null,Move to RIGHT ARM
93,RIGHT ARM,Reward!,Null,Move to RIGHT ARM
94,RIGHT ARM,Reward!,Null,Move to RIGHT ARM
95,RIGHT ARM,Reward!,Null,Move to RIGHT ARM
96,RIGHT ARM,Loss!,Null,Move to RIGHT ARM
97,RIGHT ARM,Reward!,Null,Move to RIGHT ARM
98,RIGHT ARM,Reward!,Null,Move to RIGHT ARM
99,RIGHT ARM,Reward!,Null,Move to RIGHT ARM
100,RIGHT ARM,Reward!,Null,Move to RIGHT ARM
101,RIGHT ARM,Loss!,Null,Move to RIGHT ARM
102,RIGHT ARM,Reward!,Null,Move to RIGHT ARM
103,RIGHT ARM,Reward!,Null,Move to RIGHT ARM
104,RIGHT ARM,Reward!,Null,Move to RIGHT ARM
105,RIGHT ARM,Reward!,Null,Move to RIGHT ARM
106,RIGHT ARM,Reward!,Null,Move to RIGHT ARM
107,RIGHT ARM,Loss!,Null,Move to RIGHT ARM
108,RIGHT ARM,Reward!,Null,Move to RIGHT ARM
109,RIGHT ARM,Reward!,Null,Move to RIGHT ARM
110,RIGHT ARM,Reward!,Null,Move to RIGHT ARM
111,RIGHT ARM,Reward!,Null,Move to RIGHT ARM
112,RIGHT ARM,Reward!,Null,Move to RIGHT ARM
113,RIGHT ARM,Loss!,Null,Move to RIGHT ARM
114,RIGHT ARM,Reward!,Null,Move to RIGHT ARM
115,RIGHT ARM,Reward!,Null,Move to RIGHT ARM
116,RIGHT ARM,Loss!,Null,Move to RIGHT ARM
117,RIGHT ARM,Reward!,Null,Move to RIGHT ARM
118,RIGHT ARM,Reward!,Null,Move to RIGHT ARM
119,RIGHT ARM,Reward!,Null,Move to RIGHT ARM
120,RIGHT ARM,Reward!,Null,Move to RIGHT ARM
121,RIGHT ARM,Reward!,Null,Move to RIGHT ARM
122,RIGHT ARM,Reward!,Null,Move to RIGHT ARM
123,RIGHT ARM,Loss!,Null,Move to RIGHT ARM
124,RIGHT ARM,Reward!,Null,Move to RIGHT ARM
125,RIGHT ARM,Loss!,Null,Move to RIGHT ARM
126,RIGHT ARM,Reward!,Null,Move to RIGHT ARM
127,RIGHT ARM,Loss!,Null,Move to RIGHT ARM
128,RIGHT ARM,Reward!,Null,Move to RIGHT ARM
129,RIGHT ARM,Loss!,Null,Move to RIGHT ARM
130,RIGHT ARM,Loss!,Null,Move to RIGHT ARM
131,RIGHT ARM,Reward!,Null,Move to RIGHT ARM
132,RIGHT ARM,Reward!,Null,Move to RIGHT ARM
133,RIGHT ARM,Reward!,Null,Move to RIGHT ARM
134,RIGHT ARM,Reward!,Null,Move to RIGHT ARM
135,RIGHT ARM,Reward!,Null,Move to RIGHT ARM
136,RIGHT ARM,Reward!,Null,Move to RIGHT ARM
137,RIGHT ARM,Reward!,Null,Move to RIGHT ARM
138,RIGHT ARM,Reward!,Null,Move to RIGHT ARM
139,RIGHT ARM,Reward!,Null,Move to RIGHT ARM
140,RIGHT ARM,Reward!,Null,Move to RIGHT ARM
141,RIGHT ARM,Loss!,Null,Move to RIGHT ARM
142,RIGHT ARM,Reward!,Null,Move to RIGHT ARM
143,RIGHT ARM,Reward!,Null,Move to RIGHT ARM
144,RIGHT ARM,Reward!,Null,Move to RIGHT ARM
145,RIGHT ARM,Reward!,Null,Move to RIGHT ARM
146,RIGHT ARM,Reward!,Null,Move to RIGHT ARM
147,RIGHT ARM,Reward!,Null,Move to RIGHT ARM
148,RIGHT ARM,Reward!,Null,Move to RIGHT ARM
149,RIGHT ARM,Reward!,Null,Move to RIGHT ARM
150,RIGHT ARM,Reward!,Null,Move to RIGHT ARM
151,RIGHT ARM,Reward!,Null,Move to RIGHT ARM
152,RIGHT ARM,Reward!,Null,Move to RIGHT ARM
153,RIGHT ARM,Reward!,Null,Move to RIGHT ARM
154,RIGHT ARM,Reward!,Null,Move to RIGHT ARM
155,RIGHT ARM,Reward!,Null,Move to RIGHT ARM
156,RIGHT ARM,Reward!,Null,Move to RIGHT ARM
157,RIGHT ARM,Reward!,Null,Move to RIGHT ARM
158,RIGHT ARM,Loss!,Null,Move to RIGHT ARM
159,RIGHT ARM,Reward!,Null,Move to RIGHT ARM
160,RIGHT ARM,Reward!,Null,Move to RIGHT ARM
161,RIGHT ARM,Loss!,Null,Move to RIGHT ARM
162,RIGHT ARM,Reward!,Null,Move to RIGHT ARM
163,RIGHT ARM,Reward!,Null,Move to RIGHT ARM
164,RIGHT ARM,Reward!,Null,Move to RIGHT ARM
165,RIGHT ARM,Reward!,Null,Move to RIGHT ARM
166,RIGHT ARM,Reward!,Null,Move to RIGHT ARM
167,RIGHT ARM,Reward!,Null,Move to RIGHT ARM
168,RIGHT ARM,Reward!,Null,Move to RIGHT ARM
169,RIGHT ARM,Reward!,Null,Move to RIGHT ARM
170,RIGHT ARM,Reward!,Null,Move to RIGHT ARM
171,RIGHT ARM,Loss!,Null,Move to RIGHT ARM
172,RIGHT ARM,Reward!,Null,Move to RIGHT ARM
173,RIGHT ARM,Reward!,Null,Move to RIGHT ARM
174,RIGHT ARM,Reward!,Null,Move to RIGHT ARM
175,RIGHT ARM,Loss!,Null,Move to RIGHT ARM
176,RIGHT ARM,Reward!,Null,Move to RIGHT ARM
177,RIGHT ARM,Reward!,Null,Move to RIGHT ARM
178,RIGHT ARM,Reward!,Null,Move to RIGHT ARM
179,RIGHT ARM,Reward!,Null,Move to RIGHT ARM
180,RIGHT ARM,Reward!,Null,Move to RIGHT ARM
181,RIGHT ARM,Reward!,Null,Move to RIGHT ARM
182,RIGHT ARM,Reward!,Null,Move to RIGHT ARM
183,RIGHT ARM,Reward!,Null,Move to RIGHT ARM
184,RIGHT ARM,Reward!,Null,Move to RIGHT ARM
185,RIGHT ARM,Reward!,Null,Move to RIGHT ARM
186,RIGHT ARM,Reward!,Null,Move to RIGHT ARM
187,RIGHT ARM,Reward!,Null,Move to RIGHT ARM
188,RIGHT ARM,Reward!,Null,Move to RIGHT ARM
189,RIGHT ARM,Reward!,Null,Move to RIGHT ARM
190,RIGHT ARM,Reward!,Null,Move to RIGHT ARM
191,RIGHT ARM,Reward!,Null,Move to RIGHT ARM
192,RIGHT ARM,Reward!,Null,Move to RIGHT ARM
193,RIGHT ARM,Reward!,Null,Move to RIGHT ARM
194,RIGHT ARM,Reward!,Null,Move to RIGHT ARM
195,RIGHT ARM,Reward!,Null,Move to RIGHT ARM
196,RIGHT ARM,Reward!,Null,Move to RIGHT ARM
197,RIGHT ARM,Reward!,Null,Move to RIGHT ARM
198,RIGHT ARM,Reward!,Null,Move to RIGHT ARM
199,RIGHT ARM,Reward!,Null,Move to RIGHT ARM
200,RIGHT ARM,Reward!,Null,Move to RIGHT ARM
201,RIGHT ARM,Loss!,Null,Move to RIGHT ARM
202,RIGHT ARM,Reward!,Null,Move to RIGHT ARM
203,RIGHT ARM,Reward!,Null,Move to RIGHT ARM
204,RIGHT ARM,Reward!,Null,Move to RIGHT ARM
205,RIGHT ARM,Reward!,Null,Move to RIGHT ARM
206,RIGHT ARM,Loss!,Null,Move to RIGHT ARM
207,RIGHT ARM,Reward!,Null,Move to RIGHT ARM
208,RIGHT ARM,Reward!,Null,Move to RIGHT ARM
209,RIGHT ARM,Reward!,Null,Move to RIGHT ARM
210,RIGHT ARM,Reward!,Null,Move to RIGHT ARM
211,RIGHT ARM,Reward!,Null,Move to RIGHT ARM
212,RIGHT ARM,Reward!,Null,Move to RIGHT ARM
213,RIGHT ARM,Reward!,Null,Move to RIGHT ARM
214,RIGHT ARM,Reward!,Null,Move to RIGHT ARM
215,RIGHT ARM,Reward!,Null,Move to RIGHT ARM
216,RIGHT ARM,Loss!,Null,Move to RIGHT ARM
217,RIGHT ARM,Reward!,Null,Move to RIGHT ARM
218,RIGHT ARM,Reward!,Null,Move to RIGHT ARM
219,RIGHT ARM,Reward!,Null,Move to RIGHT ARM
220,RIGHT ARM,Reward!,Null,Move to RIGHT ARM
221,RIGHT ARM,Reward!,Null,Move to RIGHT ARM
222,RIGHT ARM,Reward!,Null,Move to RIGHT ARM
223,RIGHT ARM,Reward!,Null,Move to RIGHT ARM
224,RIGHT ARM,Reward!,Null,Move to RIGHT ARM
225,RIGHT ARM,Loss!,Null,Move to RIGHT ARM
226,RIGHT ARM,Reward!,Null,Move to RIGHT ARM
227,RIGHT ARM,Reward!,Null,Move to RIGHT ARM
228,RIGHT ARM,Reward!,Null,Move to RIGHT ARM
229,RIGHT ARM,Reward!,Null,Move to RIGHT ARM
230,RIGHT ARM,Reward!,Null,Move to RIGHT ARM
231,RIGHT ARM,Reward!,Null,Move to RIGHT ARM
232,RIGHT ARM,Reward!,Null,Move to RIGHT ARM
233,RIGHT ARM,Reward!,Null,Move to RIGHT ARM
234,RIGHT ARM,Reward!,Null,Move to RIGHT ARM
235,RIGHT ARM,Reward!,Null,Move to RIGHT ARM
236,RIGHT ARM,Reward!,Null,Move to RIGHT ARM
237,RIGHT ARM,Loss!,Null,Move to RIGHT ARM
238,RIGHT ARM,Reward!,Null,Move to RIGHT ARM
239,RIGHT ARM,Loss!,Null,Move to RIGHT ARM
240,RIGHT ARM,Reward!,Null,Move to RIGHT ARM
241,RIGHT ARM,Reward!,Null,Move to RIGHT ARM
242,RIGHT ARM,Loss!,Null,Move to RIGHT ARM
243,RIGHT ARM,Reward!,Null,Move to RIGHT ARM
244,RIGHT ARM,Reward!,Null,Move to RIGHT ARM
245,RIGHT ARM,Reward!,Null,Move to RIGHT ARM
246,RIGHT ARM,Reward!,Null,Move to RIGHT ARM
247,RIGHT ARM,Reward!,Null,Move to RIGHT ARM
248,RIGHT ARM,Reward!,Null,Move to RIGHT ARM
249,RIGHT ARM,Reward!,Null,Move to RIGHT ARM
250,RIGHT ARM,Loss!,Null,Move to RIGHT ARM
251,RIGHT ARM,Reward!,Null,Move to RIGHT ARM
252,RIGHT ARM,Reward!,Null,Move to RIGHT ARM
253,RIGHT ARM,Reward!,Null,Move to RIGHT ARM
254,RIGHT ARM,Reward!,Null,Move to RIGHT ARM
255,RIGHT ARM,Reward!,Null,Move to RIGHT ARM
256,RIGHT ARM,Reward!,Null,Move to RIGHT ARM
257,RIGHT ARM,Reward!,Null,Move to RIGHT ARM
258,RIGHT ARM,Loss!,Null,Move to RIGHT ARM
259,RIGHT ARM,Reward!,Null,Move to RIGHT ARM
260,RIGHT ARM,Reward!,Null,Move to RIGHT ARM
261,RIGHT ARM,Reward!,Null,Move to RIGHT ARM
262,RIGHT ARM,Reward!,Null,Move to RIGHT ARM
263,RIGHT ARM,Reward!,Null,Move to RIGHT ARM
264,RIGHT ARM,Reward!,Null,Move to RIGHT ARM
265,RIGHT ARM,Reward!,Null,Move to RIGHT ARM
266,RIGHT ARM,Reward!,Null,Move to RIGHT ARM
267,RIGHT ARM,Loss!,Null,Move to RIGHT ARM
268,RIGHT ARM,Reward!,Null,Move to RIGHT ARM
269,RIGHT ARM,Reward!,Null,Move to RIGHT ARM
270,RIGHT ARM,Reward!,Null,Move to RIGHT ARM
271,RIGHT ARM,Reward!,Null,Move to RIGHT ARM
272,RIGHT ARM,Loss!,Null,Move to RIGHT ARM
273,RIGHT ARM,Reward!,Null,Move to RIGHT ARM
274,RIGHT ARM,Reward!,Null,Move to RIGHT ARM
275,RIGHT ARM,Reward!,Null,Move to RIGHT ARM
276,RIGHT ARM,Reward!,Null,Move to RIGHT ARM
277,RIGHT ARM,Reward!,Null,Move to RIGHT ARM
278,RIGHT ARM,Reward!,Null,Move to RIGHT ARM
279,RIGHT ARM,Reward!,Null,Move to RIGHT ARM
280,RIGHT ARM,Reward!,Null,Move to RIGHT ARM
281,RIGHT ARM,Reward!,Null,Move to RIGHT ARM
282,RIGHT ARM,Reward!,Null,Move to RIGHT ARM
283,RIGHT ARM,Reward!,Null,Move to RIGHT ARM
284,RIGHT ARM,Reward!,Null,Move to RIGHT ARM
285,RIGHT ARM,Reward!,Null,Move to RIGHT ARM
286,RIGHT ARM,Reward!,Null,Move to RIGHT ARM
287,RIGHT ARM,Loss!,Null,Move to RIGHT ARM
288,RIGHT ARM,Reward!,Null,Move to RIGHT ARM
289,RIGHT ARM,Reward!,Null,Move to RIGHT ARM
290,RIGHT ARM,Reward!,Null,Move to RIGHT ARM
291,RIGHT ARM,Reward!,Null,Move to RIGHT ARM
292,RIGHT ARM,Reward!,Null,Move to RIGHT ARM
293,RIGHT ARM,Reward!,Null,Move to RIGHT ARM
294,RIGHT ARM,Loss!,Null,Move to RIGHT ARM
295,RIGHT ARM,Reward!,Null,Move to RIGHT ARM
296,RIGHT ARM,Reward!,Null,Move to RIGHT ARM
297,RIGHT ARM,Loss!,Null,Move to RIGHT ARM
298,RIGHT ARM,Loss!,Null,Move to RIGHT ARM
299,RIGHT ARM,Reward!,Null,Move to RIGHT ARM
300,RIGHT ARM,Reward!,Null,Move to RIGHT ARM
301,RIGHT ARM,Reward!,Null,Move to RIGHT ARM
302,RIGHT ARM,Reward!,Null,Move to RIGHT ARM
303,RIGHT ARM,Reward!,Null,Move to RIGHT ARM
304,RIGHT ARM,Reward!,Null,Move to RIGHT ARM
305,RIGHT ARM,Loss!,Null,Move to RIGHT ARM
306,RIGHT ARM,Reward!,Null,Move to RIGHT ARM
307,RIGHT ARM,Reward!,Null,Move to RIGHT ARM
308,RIGHT ARM,Loss!,Null,Move to RIGHT ARM
309,RIGHT ARM,Reward!,Null,Move to RIGHT ARM
310,RIGHT ARM,Reward!,Null,Move to RIGHT ARM
311,RIGHT ARM,Reward!,Null,Move to RIGHT ARM
312,RIGHT ARM,Loss!,Null,Move to RIGHT ARM
313,RIGHT ARM,Reward!,Null,Move to RIGHT ARM
314,RIGHT ARM,Reward!,Null,Move to RIGHT ARM
315,RIGHT ARM,Reward!,Null,Move to RIGHT ARM
316,RIGHT ARM,Reward!,Null,Move to RIGHT ARM
317,RIGHT ARM,Reward!,Null,Move to RIGHT ARM
318,RIGHT ARM,Loss!,Null,Move to RIGHT ARM
319,RIGHT ARM,Reward!,Null,Move to RIGHT ARM
320,RIGHT ARM,Reward!,Null,Move to RIGHT ARM
321,RIGHT ARM,Reward!,Null,Move to RIGHT ARM
322,RIGHT ARM,Loss!,Null,Move to RIGHT ARM
323,RIGHT ARM,Reward!,Null,Move to RIGHT ARM
324,RIGHT ARM,Reward!,Null,Move to RIGHT ARM
325,RIGHT ARM,Reward!,Null,Move to RIGHT ARM
326,RIGHT ARM,Reward!,Null,Move to RIGHT ARM
327,RIGHT ARM,Loss!,Null,Move to RIGHT ARM
328,RIGHT ARM,Reward!,Null,Move to RIGHT ARM
329,RIGHT ARM,Reward!,Null,Move to RIGHT ARM
330,RIGHT ARM,Reward!,Null,Move to RIGHT ARM
331,RIGHT ARM,Reward!,Null,Move to RIGHT ARM
332,RIGHT ARM,Reward!,Null,Move to RIGHT ARM
333,RIGHT ARM,Loss!,Null,Move to RIGHT ARM
334,RIGHT ARM,Reward!,Null,Move to RIGHT ARM
335,RIGHT ARM,Reward!,Null,Move to RIGHT ARM
336,RIGHT ARM,Reward!,Null,Move to RIGHT ARM
337,RIGHT ARM,Loss!,Null,Move to RIGHT ARM
338,RIGHT ARM,Reward!,Null,Move to RIGHT ARM
339,RIGHT ARM,Reward!,Null,Move to RIGHT ARM
340,RIGHT ARM,Reward!,Null,Move to RIGHT ARM
341,RIGHT ARM,Reward!,Null,Move to RIGHT ARM
342,RIGHT ARM,Reward!,Null,Move to RIGHT ARM
343,RIGHT ARM,Loss!,Null,Move to RIGHT ARM
344,RIGHT ARM,Loss!,Null,Move to RIGHT ARM
345,RIGHT ARM,Reward!,Null,Move to RIGHT ARM
346,RIGHT ARM,Reward!,Null,Move to RIGHT ARM
347,RIGHT ARM,Loss!,Null,Move to RIGHT ARM
348,RIGHT ARM,Reward!,Null,Move to RIGHT ARM
349,RIGHT ARM,Loss!,Null,Move to RIGHT ARM
350,RIGHT ARM,Loss!,Null,Move to RIGHT ARM
351,RIGHT ARM,Reward!,Null,Move to RIGHT ARM
352,RIGHT ARM,Reward!,Null,Move to RIGHT ARM
353,RIGHT ARM,Reward!,Null,Move to RIGHT ARM
354,RIGHT ARM,Reward!,Null,Move to RIGHT ARM
355,RIGHT ARM,Reward!,Null,Move to RIGHT ARM
356,RIGHT ARM,Reward!,Null,Move to RIGHT ARM
357,RIGHT ARM,Loss!,Null,Move to RIGHT ARM
358,RIGHT ARM,Reward!,Null,Move to RIGHT ARM
359,RIGHT ARM,Reward!,Null,Move to RIGHT ARM
360,RIGHT ARM,Reward!,Null,Move to RIGHT ARM
361,RIGHT ARM,Reward!,Null,Move to RIGHT ARM
362,RIGHT ARM,Reward!,Null,Move to RIGHT ARM
363,RIGHT ARM,Reward!,Null,Move to RIGHT ARM
364,RIGHT ARM,Reward!,Null,Move to RIGHT ARM
365,RIGHT ARM,Reward!,Null,Move to RIGHT ARM
366,RIGHT ARM,Reward!,Null,Move to RIGHT ARM
367,RIGHT ARM,Reward!,Null,Move to RIGHT ARM
368,RIGHT ARM,Reward!,Null,Move to RIGHT ARM
369,RIGHT ARM,Reward!,Null,Move to RIGHT ARM
370,RIGHT ARM,Reward!,Null,Move to RIGHT ARM
371,RIGHT ARM,Reward!,Null,Move to RIGHT ARM
372,RIGHT ARM,Reward!,Null,Move to RIGHT ARM
373,RIGHT ARM,Loss!,Null,Move to RIGHT ARM
374,RIGHT ARM,Loss!,Null,Move to RIGHT ARM
375,RIGHT ARM,Reward!,Null,Move to RIGHT ARM
376,RIGHT ARM,Reward!,Null,Move to RIGHT ARM
377,RIGHT ARM,Reward!,Null,Move to RIGHT ARM
378,RIGHT ARM,Loss!,Null,Move to RIGHT ARM
379,RIGHT ARM,Reward!,Null,Move to RIGHT ARM
380,RIGHT ARM,Reward!,Null,Move to RIGHT ARM
381,RIGHT ARM,Reward!,Null,Move to RIGHT ARM
382,RIGHT ARM,Reward!,Null,Move to RIGHT ARM
383,RIGHT ARM,Reward!,Null,Move to RIGHT ARM
384,RIGHT ARM,Reward!,Null,Move to RIGHT ARM
385,RIGHT ARM,Reward!,Null,Move to RIGHT ARM
386,RIGHT ARM,Reward!,Null,Move to RIGHT ARM
387,RIGHT ARM,Loss!,Null,Move to RIGHT ARM
388,RIGHT ARM,Reward!,Null,Move to RIGHT ARM
389,RIGHT ARM,Reward!,Null,Move to RIGHT ARM
390,RIGHT ARM,Reward!,Null,Move to RIGHT ARM
391,RIGHT ARM,Reward!,Null,Move to RIGHT ARM
392,RIGHT ARM,Reward!,Null,Move to RIGHT ARM
393,RIGHT ARM,Reward!,Null,Move to RIGHT ARM
394,RIGHT ARM,Reward!,Null,Move to RIGHT ARM
395,RIGHT ARM,Reward!,Null,Move to RIGHT ARM
396,RIGHT ARM,Reward!,Null,Move to RIGHT ARM
397,RIGHT ARM,Reward!,Null,Move to RIGHT ARM
398,RIGHT ARM,Loss!,Null,Move to RIGHT ARM
399,RIGHT ARM,Loss!,Null,Move to RIGHT ARM
400,RIGHT ARM,Reward!,Null,Move to RIGHT ARM
401,RIGHT ARM,Reward!,Null,Move to RIGHT ARM
402,RIGHT ARM,Loss!,Null,Move to RIGHT ARM
403,RIGHT ARM,Reward!,Null,Move to RIGHT ARM
404,RIGHT ARM,Reward!,Null,Move to RIGHT ARM
405,RIGHT ARM,Reward!,Null,Move to RIGHT ARM
406,RIGHT ARM,Reward!,Null,Move to RIGHT ARM
407,RIGHT ARM,Reward!,Null,Move to RIGHT ARM
408,RIGHT ARM,Reward!,Null,Move to RIGHT ARM
409,RIGHT ARM,Reward!,Null,Move to RIGHT ARM
410,RIGHT ARM,Loss!,Null,Move to RIGHT ARM
411,RIGHT ARM,Reward!,Null,Move to RIGHT ARM
412,RIGHT ARM,Reward!,Null,Move to RIGHT ARM
413,RIGHT ARM,Reward!,Null,Move to RIGHT ARM
414,RIGHT ARM,Loss!,Null,Move to RIGHT ARM
415,RIGHT ARM,Loss!,Null,Move to RIGHT ARM
416,RIGHT ARM,Loss!,Null,Move to RIGHT ARM
417,RIGHT ARM,Reward!,Null,Move to RIGHT ARM
418,RIGHT ARM,Reward!,Null,Move to RIGHT ARM
419,RIGHT ARM,Reward!,Null,Move to RIGHT ARM
420,RIGHT ARM,Reward!,Null,Move to RIGHT ARM
421,RIGHT ARM,Reward!,Null,Move to RIGHT ARM
422,RIGHT ARM,Reward!,Null,Move to RIGHT ARM
423,RIGHT ARM,Reward!,Null,Move to RIGHT ARM
424,RIGHT ARM,Reward!,Null,Move to RIGHT ARM
425,RIGHT ARM,Reward!,Null,Move to RIGHT ARM
426,RIGHT ARM,Reward!,Null,Move to RIGHT ARM
427,RIGHT ARM,Loss!,Null,Move to RIGHT ARM
428,RIGHT ARM,Reward!,Null,Move to RIGHT ARM
429,RIGHT ARM,Reward!,Null,Move to RIGHT ARM
430,RIGHT ARM,Reward!,Null,Move to RIGHT ARM
431,RIGHT ARM,Reward!,Null,Move to RIGHT ARM
432,RIGHT ARM,Reward!,Null,Move to RIGHT ARM
433,RIGHT ARM,Reward!,Null,Move to RIGHT ARM
434,RIGHT ARM,Reward!,Null,Move to RIGHT ARM
435,RIGHT ARM,Loss!,Null,Move to RIGHT ARM
436,RIGHT ARM,Reward!,Null,Move to RIGHT ARM
437,RIGHT ARM,Reward!,Null,Move to RIGHT ARM
438,RIGHT ARM,Reward!,Null,Move to RIGHT ARM
439,RIGHT ARM,Reward!,Null,Move to RIGHT ARM
440,RIGHT ARM,Reward!,Null,Move to RIGHT ARM
441,RIGHT ARM,Reward!,Null,Move to RIGHT ARM
442,RIGHT ARM,Reward!,Null,Move to RIGHT ARM
443,RIGHT ARM,Reward!,Null,Move to RIGHT ARM
444,RIGHT ARM,Reward!,Null,Move to RIGHT ARM
445,RIGHT ARM,Loss!,Null,Move to RIGHT ARM
446,RIGHT ARM,Reward!,Null,Move to RIGHT ARM
447,RIGHT ARM,Reward!,Null,Move to RIGHT ARM
448,RIGHT ARM,Loss!,Null,Move to RIGHT ARM
449,RIGHT ARM,Loss!,Null,Move to RIGHT ARM
450,RIGHT ARM,Reward!,Null,Move to RIGHT ARM
451,RIGHT ARM,Reward!,Null,Move to RIGHT ARM
452,RIGHT ARM,Reward!,Null,Move to RIGHT ARM
453,RIGHT ARM,Reward!,Null,Move to RIGHT ARM
454,RIGHT ARM,Reward!,Null,Move to RIGHT ARM
455,RIGHT ARM,Reward!,Null,Move to RIGHT ARM
456,RIGHT ARM,Loss!,Null,Move to RIGHT ARM
457,RIGHT ARM,Reward!,Null,Move to RIGHT ARM
458,RIGHT ARM,Reward!,Null,Move to RIGHT ARM
459,RIGHT ARM,Loss!,Null,Move to RIGHT ARM
460,RIGHT ARM,Reward!,Null,Move to RIGHT ARM
461,RIGHT ARM,Loss!,Null,Move to RIGHT ARM
462,RIGHT ARM,Reward!,Null,Move to RIGHT ARM
463,RIGHT ARM,Reward!,Null,Move to RIGHT ARM
464,RIGHT ARM,Reward!,Null,Move to RIGHT ARM
465,RIGHT ARM,Reward!,Null,Move to RIGHT ARM
466,RIGHT ARM,Reward!,Null,Move to RIGHT ARM
467,RIGHT ARM,Loss!,Null,Move to RIGHT ARM
468,RIGHT ARM,Reward!,Null,Move to RIGHT ARM
469,RIGHT ARM,Reward!,Null,Move to RIGHT ARM
470,RIGHT ARM,Reward!,Null,Move to RIGHT ARM
471,RIGHT ARM,Reward!,Null,Move to RIGHT ARM
472,RIGHT ARM,Reward!,Null,Move to RIGHT ARM
473,RIGHT ARM,Reward!,Null,Move to RIGHT ARM
474,RIGHT ARM,Reward!,Null,Move to RIGHT ARM
475,RIGHT ARM,Reward!,Null,Move to RIGHT ARM
476,RIGHT ARM,Reward!,Null,Move to RIGHT ARM
477,RIGHT ARM,Reward!,Null,Move to RIGHT ARM
478,RIGHT ARM,Reward!,Null,Move to RIGHT ARM
479,RIGHT ARM,Reward!,Null,Move to RIGHT ARM
480,RIGHT ARM,Reward!,Null,Move to RIGHT ARM
481,RIGHT ARM,Reward!,Null,Move to RIGHT ARM
482,RIGHT ARM,Reward!,Null,Move to RIGHT ARM
483,RIGHT ARM,Reward!,Null,Move to RIGHT ARM
484,RIGHT ARM,Reward!,Null,Move to RIGHT ARM
485,RIGHT ARM,Reward!,Null,Move to RIGHT ARM
486,RIGHT ARM,Reward!,Null,Move to RIGHT ARM
487,RIGHT ARM,Reward!,Null,Move to RIGHT ARM
488,RIGHT ARM,Loss!,Null,Move to RIGHT ARM
489,RIGHT ARM,Reward!,Null,Move to RIGHT ARM
490,RIGHT ARM,Reward!,Null,Move to RIGHT ARM
491,RIGHT ARM,Reward!,Null,Move to RIGHT ARM
492,RIGHT ARM,Reward!,Null,Move to RIGHT ARM
493,RIGHT ARM,Reward!,Null,Move to RIGHT ARM
494,RIGHT ARM,Reward!,Null,Move to RIGHT ARM
495,RIGHT ARM,Reward!,Null,Move to RIGHT ARM
496,RIGHT ARM,Reward!,Null,Move to RIGHT ARM
497,RIGHT ARM,Reward!,Null,Move to RIGHT ARM
498,RIGHT ARM,Reward!,Null,Move to RIGHT ARM
499,RIGHT ARM,Reward!,Null,Move to RIGHT ARM
500,RIGHT ARM,Reward!,Null,Move to RIGHT ARM
501,RIGHT ARM,Reward!,Null,Move to RIGHT ARM
502,RIGHT ARM,Reward!,Null,Move to RIGHT ARM
503,RIGHT ARM,Reward!,Null,Move to RIGHT ARM
504,RIGHT ARM,Reward!,Null,Move to RIGHT ARM
505,RIGHT ARM,Reward!,Null,Move to RIGHT ARM
506,RIGHT ARM,Reward!,Null,Move to RIGHT ARM
507,RIGHT ARM,Reward!,Null,Move to RIGHT ARM
508,RIGHT ARM,Reward!,Null,Move to RIGHT ARM
509,RIGHT ARM,Loss!,Null,Move to RIGHT ARM
510,RIGHT ARM,Reward!,Null,Move to RIGHT ARM
511,RIGHT ARM,Reward!,Null,Move to RIGHT ARM
512,RIGHT ARM,Reward!,Null,Move to RIGHT ARM
513,RIGHT ARM,Reward!,Null,Move to RIGHT ARM
514,RIGHT ARM,Reward!,Null,Move to RIGHT ARM
515,RIGHT ARM,Reward!,Null,Move to RIGHT ARM
516,RIGHT ARM,Reward!,Null,Move to RIGHT ARM
517,RIGHT ARM,Reward!,Null,Move to RIGHT ARM
518,RIGHT ARM,Reward!,Null,Move to RIGHT ARM
519,RIGHT ARM,Reward!,Null,Move to RIGHT ARM
520,RIGHT ARM,Reward!,Null,Move to RIGHT ARM
521,RIGHT ARM,Reward!,Null,Move to RIGHT ARM
522,RIGHT ARM,Reward!,Null,Move to RIGHT ARM
523,RIGHT ARM,Reward!,Null,Move to RIGHT ARM
524,RIGHT ARM,Reward!,Null,Move to RIGHT ARM
525,RIGHT ARM,Reward!,Null,Move to RIGHT ARM
526,RIGHT ARM,Reward!,Null,Move to RIGHT ARM
527,RIGHT ARM,Loss!,Null,Move to RIGHT ARM
528,RIGHT ARM,Reward!,Null,Move to RIGHT ARM
529,RIGHT ARM,Reward!,Null,Move to RIGHT ARM
530,RIGHT ARM,Loss!,Null,Move to RIGHT ARM
531,RIGHT ARM,Reward!,Null,Move to RIGHT ARM
532,RIGHT ARM,Reward!,Null,Move to RIGHT ARM
533,RIGHT ARM,Reward!,Null,Move to RIGHT ARM
534,RIGHT ARM,Loss!,Null,Move to RIGHT ARM
535,RIGHT ARM,Reward!,Null,Move to RIGHT ARM
536,RIGHT ARM,Reward!,Null,Move to RIGHT ARM
537,RIGHT ARM,Reward!,Null,Move to RIGHT ARM
538,RIGHT ARM,Reward!,Null,Move to RIGHT ARM
539,RIGHT ARM,Reward!,Null,Move to RIGHT ARM
540,RIGHT ARM,Reward!,Null,Move to RIGHT ARM
541,RIGHT ARM,Reward!,Null,Move to RIGHT ARM
542,RIGHT ARM,Reward!,Null,Move to RIGHT ARM
543,RIGHT ARM,Reward!,Null,Move to RIGHT ARM
544,RIGHT ARM,Reward!,Null,Move to RIGHT ARM
545,RIGHT ARM,Reward!,Null,Move to RIGHT ARM
546,RIGHT ARM,Reward!,Null,Move to RIGHT ARM
547,RIGHT ARM,Reward!,Null,Move to RIGHT ARM
548,RIGHT ARM,Reward!,Null,Move to RIGHT ARM
549,RIGHT ARM,Reward!,Null,Move to RIGHT ARM
550,RIGHT ARM,Reward!,Null,Move to RIGHT ARM
551,RIGHT ARM,Reward!,Null,Move to RIGHT ARM
552,RIGHT ARM,Reward!,Null,Move to RIGHT ARM
553,RIGHT ARM,Reward!,Null,Move to RIGHT ARM
554,RIGHT ARM,Reward!,Null,Move to RIGHT ARM
555,RIGHT ARM,Reward!,Null,Move to RIGHT ARM
556,RIGHT ARM,Reward!,Null,Move to RIGHT ARM
557,RIGHT ARM,Reward!,Null,Move to RIGHT ARM
558,RIGHT ARM,Reward!,Null,Move to RIGHT ARM
559,RIGHT ARM,Reward!,Null,Move to RIGHT ARM
560,RIGHT ARM,Reward!,Null,Move to RIGHT ARM
561,RIGHT ARM,Reward!,Null,Move to RIGHT ARM
562,RIGHT ARM,Reward!,Null,Move to RIGHT ARM
563,RIGHT ARM,Reward!,Null,Move to RIGHT ARM
564,RIGHT ARM,Reward!,Null,Move to RIGHT ARM
565,RIGHT ARM,Reward!,Null,Move to RIGHT ARM
566,RIGHT ARM,Reward!,Null,Move to RIGHT ARM
567,RIGHT ARM,Reward!,Null,Move to RIGHT ARM
568,RIGHT ARM,Reward!,Null,Move to RIGHT ARM
569,RIGHT ARM,Reward!,Null,Move to RIGHT ARM
570,RIGHT ARM,Reward!,Null,Move to RIGHT ARM
571,RIGHT ARM,Reward!,Null,Move to RIGHT ARM
572,RIGHT ARM,Reward!,Null,Move to RIGHT ARM
573,RIGHT ARM,Loss!,Null,Move to RIGHT ARM
574,RIGHT ARM,Reward!,Null,Move to RIGHT ARM
575,RIGHT ARM,Reward!,Null,Move to RIGHT ARM
576,RIGHT ARM,Loss!,Null,Move to RIGHT ARM
577,RIGHT ARM,Loss!,Null,Move to RIGHT ARM
578,RIGHT ARM,Reward!,Null,Move to RIGHT ARM
579,RIGHT ARM,Reward!,Null,Move to RIGHT ARM
580,RIGHT ARM,Reward!,Null,Move to RIGHT ARM
581,RIGHT ARM,Reward!,Null,Move to RIGHT ARM
582,RIGHT ARM,Loss!,Null,Move to RIGHT ARM
583,RIGHT ARM,Reward!,Null,Move to RIGHT ARM
584,RIGHT ARM,Reward!,Null,Move to RIGHT ARM
585,RIGHT ARM,Reward!,Null,Move to RIGHT ARM
586,RIGHT ARM,Loss!,Null,Move to RIGHT ARM
587,RIGHT ARM,Loss!,Null,Move to RIGHT ARM
588,RIGHT ARM,Reward!,Null,Move to RIGHT ARM
589,RIGHT ARM,Reward!,Null,Move to RIGHT ARM
590,RIGHT ARM,Reward!,Null,Move to RIGHT ARM
591,RIGHT ARM,Loss!,Null,Move to RIGHT ARM
592,RIGHT ARM,Loss!,Null,Move to RIGHT ARM
593,RIGHT ARM,Reward!,Null,Move to RIGHT ARM
594,RIGHT ARM,Reward!,Null,Move to RIGHT ARM
595,RIGHT ARM,Reward!,Null,Move to RIGHT ARM
596,RIGHT ARM,Reward!,Null,Move to RIGHT ARM
597,RIGHT ARM,Reward!,Null,Move to RIGHT ARM
598,RIGHT ARM,Reward!,Null,Move to RIGHT ARM
599,RIGHT ARM,Reward!,Null,Move to RIGHT ARM
600,RIGHT ARM,Reward!,Null,Move to RIGHT ARM
601,RIGHT ARM,Reward!,Null,Move to RIGHT ARM
602,RIGHT ARM,Reward!,Null,Move to RIGHT ARM
603,RIGHT ARM,Reward!,Null,Move to RIGHT ARM
604,RIGHT ARM,Reward!,Null,Move to RIGHT ARM
605,RIGHT ARM,Reward!,Null,Move to RIGHT ARM
606,RIGHT ARM,Reward!,Null,Move to RIGHT ARM
607,RIGHT ARM,Reward!,Null,Move to RIGHT ARM
608,RIGHT ARM,Reward!,Null,Move to RIGHT ARM
609,RIGHT ARM,Loss!,Null,Move to RIGHT ARM
610,RIGHT ARM,Loss!,Null,Move to RIGHT ARM
611,RIGHT ARM,Reward!,Null,Move to RIGHT ARM
612,RIGHT ARM,Reward!,Null,Move to RIGHT ARM
613,RIGHT ARM,Reward!,Null,Move to RIGHT ARM
614,RIGHT ARM,Reward!,Null,Move to RIGHT ARM
615,RIGHT ARM,Reward!,Null,Move to RIGHT ARM
616,RIGHT ARM,Reward!,Null,Move to RIGHT ARM
617,RIGHT ARM,Reward!,Null,Move to RIGHT ARM
618,RIGHT ARM,Reward!,Null,Move to RIGHT ARM
619,RIGHT ARM,Loss!,Null,Move to RIGHT ARM
620,RIGHT ARM,Reward!,Null,Move to RIGHT ARM
621,RIGHT ARM,Reward!,Null,Move to RIGHT ARM
622,RIGHT ARM,Reward!,Null,Move to RIGHT ARM
623,RIGHT ARM,Reward!,Null,Move to RIGHT ARM
624,RIGHT ARM,Reward!,Null,Move to RIGHT ARM
625,RIGHT ARM,Reward!,Null,Move to RIGHT ARM
626,RIGHT ARM,Reward!,Null,Move to RIGHT ARM
627,RIGHT ARM,Reward!,Null,Move to RIGHT ARM
628,RIGHT ARM,Loss!,Null,Move to RIGHT ARM
629,RIGHT ARM,Loss!,Null,Move to RIGHT ARM
630,RIGHT ARM,Reward!,Null,Move to RIGHT ARM
631,RIGHT ARM,Reward!,Null,Move to RIGHT ARM
632,RIGHT ARM,Reward!,Null,Move to RIGHT ARM
633,RIGHT ARM,Reward!,Null,Move to RIGHT ARM
634,RIGHT ARM,Reward!,Null,Move to RIGHT ARM
635,RIGHT ARM,Reward!,Null,Move to RIGHT ARM
636,RIGHT ARM,Loss!,Null,Move to RIGHT ARM
637,RIGHT ARM,Reward!,Null,Move to RIGHT ARM
638,RIGHT ARM,Reward!,Null,Move to RIGHT ARM
639,RIGHT ARM,Reward!,Null,Move to RIGHT ARM
640,RIGHT ARM,Reward!,Null,Move to RIGHT ARM
641,RIGHT ARM,Loss!,Null,Move to RIGHT ARM
642,RIGHT ARM,Reward!,Null,Move to RIGHT ARM
643,RIGHT ARM,Reward!,Null,Move to RIGHT ARM
644,RIGHT ARM,Reward!,Null,Move to RIGHT ARM
645,RIGHT ARM,Loss!,Null,Move to RIGHT ARM
646,RIGHT ARM,Reward!,Null,Move to RIGHT ARM
647,RIGHT ARM,Reward!,Null,Move to RIGHT ARM
648,RIGHT ARM,Reward!,Null,Move to RIGHT ARM
649,RIGHT ARM,Loss!,Null,Move to RIGHT ARM
650,RIGHT ARM,Reward!,Null,Move to RIGHT ARM
651,RIGHT ARM,Reward!,Null,Move to RIGHT ARM
652,RIGHT ARM,Reward!,Null,Move to RIGHT ARM
653,RIGHT ARM,Reward!,Null,Move to RIGHT ARM
654,RIGHT ARM,Reward!,Null,Move to RIGHT ARM
655,RIGHT ARM,Reward!,Null,Move to RIGHT ARM
656,RIGHT ARM,Loss!,Null,Move to RIGHT ARM
657,RIGHT ARM,Reward!,Null,Move to RIGHT ARM
658,RIGHT ARM,Reward!,Null,Move to RIGHT ARM
659,RIGHT ARM,Reward!,Null,Move to RIGHT ARM
660,RIGHT ARM,Reward!,Null,Move to RIGHT ARM
661,RIGHT ARM,Reward!,Null,Move to RIGHT ARM
662,RIGHT ARM,Reward!,Null,Move to RIGHT ARM
663,RIGHT ARM,Reward!,Null,Move to RIGHT ARM
664,RIGHT ARM,Reward!,Null,Move to RIGHT ARM
665,RIGHT ARM,Reward!,Null,Move to RIGHT ARM
666,RIGHT ARM,Reward!,Null,Move to RIGHT ARM
667,RIGHT ARM,Loss!,Null,Move to RIGHT ARM
668,RIGHT ARM,Reward!,Null,Move to RIGHT ARM
669,RIGHT ARM,Reward!,Null,Move to RIGHT ARM
670,RIGHT ARM,Reward!,Null,Move to RIGHT ARM
671,RIGHT ARM,Loss!,Null,Move to RIGHT ARM
672,RIGHT ARM,Reward!,Null,Move to RIGHT ARM
673,RIGHT ARM,Reward!,Null,Move to RIGHT ARM
674,RIGHT ARM,Reward!,Null,Move to RIGHT ARM
675,RIGHT ARM,Reward!,Null,Move to RIGHT ARM
676,RIGHT ARM,Loss!,Null,Move to RIGHT ARM
677,RIGHT ARM,Reward!,Null,Move to RIGHT ARM
678,RIGHT ARM,Reward!,Null,Move to RIGHT ARM
679,RIGHT ARM,Reward!,Null,Move to RIGHT ARM
680,RIGHT ARM,Reward!,Null,Move to RIGHT ARM
681,RIGHT ARM,Reward!,Null,Move to RIGHT ARM
682,RIGHT ARM,Loss!,Null,Move to RIGHT ARM
683,RIGHT ARM,Reward!,Null,Move to RIGHT ARM
684,RIGHT ARM,Loss!,Null,Move to RIGHT ARM
685,RIGHT ARM,Reward!,Null,Move to RIGHT ARM
686,RIGHT ARM,Loss!,Null,Move to RIGHT ARM
687,RIGHT ARM,Reward!,Null,Move to RIGHT ARM
688,RIGHT ARM,Reward!,Null,Move to RIGHT ARM
689,RIGHT ARM,Reward!,Null,Move to RIGHT ARM
690,RIGHT ARM,Reward!,Null,Move to RIGHT ARM
691,RIGHT ARM,Reward!,Null,Move to RIGHT ARM
692,RIGHT ARM,Reward!,Null,Move to RIGHT ARM
693,RIGHT ARM,Reward!,Null,Move to RIGHT ARM
694,RIGHT ARM,Loss!,Null,Move to RIGHT ARM
695,RIGHT ARM,Loss!,Null,Move to RIGHT ARM
696,RIGHT ARM,Reward!,Null,Move to RIGHT ARM
697,RIGHT ARM,Reward!,Null,Move to RIGHT ARM
698,RIGHT ARM,Reward!,Null,Move to RIGHT ARM
699,RIGHT ARM,Reward!,Null,Move to RIGHT ARM
700,RIGHT ARM,Loss!,Null,Move to RIGHT ARM
701,RIGHT ARM,Reward!,Null,Move to RIGHT ARM
702,RIGHT ARM,Reward!,Null,Move to RIGHT ARM
703,RIGHT ARM,Reward!,Null,Move to RIGHT ARM
704,RIGHT ARM,Reward!,Null,Move to RIGHT ARM
705,RIGHT ARM,Reward!,Null,Move to RIGHT ARM
706,RIGHT ARM,Reward!,Null,Move to RIGHT ARM
707,RIGHT ARM,Reward!,Null,Move to RIGHT ARM
708,RIGHT ARM,Reward!,Null,Move to RIGHT ARM
709,RIGHT ARM,Reward!,Null,Move to RIGHT ARM
710,RIGHT ARM,Loss!,Null,Move to RIGHT ARM
711,RIGHT ARM,Loss!,Null,Move to RIGHT ARM
712,RIGHT ARM,Reward!,Null,Move to RIGHT ARM
713,RIGHT ARM,Reward!,Null,Move to RIGHT ARM
714,RIGHT ARM,Reward!,Null,Move to RIGHT ARM
715,RIGHT ARM,Reward!,Null,Move to RIGHT ARM
716,RIGHT ARM,Loss!,Null,Move to RIGHT ARM
717,RIGHT ARM,Reward!,Null,Move to RIGHT ARM
718,RIGHT ARM,Loss!,Null,Move to RIGHT ARM
719,RIGHT ARM,Loss!,Null,Move to RIGHT ARM
720,RIGHT ARM,Reward!,Null,Move to RIGHT ARM
721,RIGHT ARM,Reward!,Null,Move to RIGHT ARM
722,RIGHT ARM,Reward!,Null,Move to RIGHT ARM
723,RIGHT ARM,Reward!,Null,Move to RIGHT ARM
724,RIGHT ARM,Reward!,Null,Move to RIGHT ARM
725,RIGHT ARM,Reward!,Null,Move to RIGHT ARM
726,RIGHT ARM,Reward!,Null,Move to RIGHT ARM
727,RIGHT ARM,Reward!,Null,Move to RIGHT ARM
728,RIGHT ARM,Reward!,Null,Move to RIGHT ARM
729,RIGHT ARM,Loss!,Null,Move to RIGHT ARM
730,RIGHT ARM,Reward!,Null,Move to RIGHT ARM
731,RIGHT ARM,Reward!,Null,Move to RIGHT ARM
732,RIGHT ARM,Reward!,Null,Move to RIGHT ARM
733,RIGHT ARM,Loss!,Null,Move to RIGHT ARM
734,RIGHT ARM,Reward!,Null,Move to RIGHT ARM
735,RIGHT ARM,Reward!,Null,Move to RIGHT ARM
736,RIGHT ARM,Reward!,Null,Move to RIGHT ARM
737,RIGHT ARM,Reward!,Null,Move to RIGHT ARM
738,RIGHT ARM,Reward!,Null,Move to RIGHT ARM
739,RIGHT ARM,Reward!,Null,Move to RIGHT ARM
740,RIGHT ARM,Reward!,Null,Move to RIGHT ARM
741,RIGHT ARM,Loss!,Null,Move to RIGHT ARM
742,RIGHT ARM,Reward!,Null,Move to RIGHT ARM
743,RIGHT ARM,Reward!,Null,Move to RIGHT ARM
744,RIGHT ARM,Reward!,Null,Move to RIGHT ARM
745,RIGHT ARM,Reward!,Null,Move to RIGHT ARM
746,RIGHT ARM,Reward!,Null,Move to RIGHT ARM
747,RIGHT ARM,Loss!,Null,Move to RIGHT ARM
748,RIGHT ARM,Reward!,Null,Move to RIGHT ARM
749,RIGHT ARM,Reward!,Null,Move to RIGHT ARM
750,RIGHT ARM,Reward!,Null,Move to RIGHT ARM
751,RIGHT ARM,Reward!,Null,Move to RIGHT ARM
752,RIGHT ARM,Reward!,Null,Move to RIGHT ARM
753,RIGHT ARM,Reward!,Null,Move to RIGHT ARM
754,RIGHT ARM,Reward!,Null,Move to RIGHT ARM
755,RIGHT ARM,Loss!,Null,Move to RIGHT ARM
756,RIGHT ARM,Reward!,Null,Move to RIGHT ARM
757,RIGHT ARM,Reward!,Null,Move to RIGHT ARM
758,RIGHT ARM,Reward!,Null,Move to RIGHT ARM
759,RIGHT ARM,Reward!,Null,Move to RIGHT ARM
760,RIGHT ARM,Reward!,Null,Move to RIGHT ARM
761,RIGHT ARM,Reward!,Null,Move to RIGHT ARM
762,RIGHT ARM,Reward!,Null,Move to RIGHT ARM
763,RIGHT ARM,Reward!,Null,Move to RIGHT ARM
764,RIGHT ARM,Reward!,Null,Move to RIGHT ARM
765,RIGHT ARM,Reward!,Null,Move to RIGHT ARM
766,RIGHT ARM,Reward!,Null,Move to RIGHT ARM
767,RIGHT ARM,Reward!,Null,Move to RIGHT ARM
768,RIGHT ARM,Reward!,Null,Move to RIGHT ARM
769,RIGHT ARM,Reward!,Null,Move to RIGHT ARM
770,RIGHT ARM,Reward!,Null,Move to RIGHT ARM
771,RIGHT ARM,Loss!,Null,Move to RIGHT ARM
772,RIGHT ARM,Reward!,Null,Move to RIGHT ARM
773,RIGHT ARM,Reward!,Null,Move to RIGHT ARM
774,RIGHT ARM,Reward!,Null,Move to RIGHT ARM
775,RIGHT ARM,Reward!,Null,Move to RIGHT ARM
776,RIGHT ARM,Reward!,Null,Move to RIGHT ARM
777,RIGHT ARM,Reward!,Null,Move to RIGHT ARM
778,RIGHT ARM,Reward!,Null,Move to RIGHT ARM
779,RIGHT ARM,Reward!,Null,Move to RIGHT ARM
780,RIGHT ARM,Loss!,Null,Move to RIGHT ARM
781,RIGHT ARM,Reward!,Null,Move to RIGHT ARM
782,RIGHT ARM,Loss!,Null,Move to RIGHT ARM
783,RIGHT ARM,Reward!,Null,Move to RIGHT ARM
784,RIGHT ARM,Reward!,Null,Move to RIGHT ARM
785,RIGHT ARM,Reward!,Null,Move to RIGHT ARM
786,RIGHT ARM,Loss!,Null,Move to RIGHT ARM
787,RIGHT ARM,Reward!,Null,Move to RIGHT ARM
788,RIGHT ARM,Loss!,Null,Move to RIGHT ARM
789,RIGHT ARM,Reward!,Null,Move to RIGHT ARM
790,RIGHT ARM,Reward!,Null,Move to RIGHT ARM
791,RIGHT ARM,Reward!,Null,Move to RIGHT ARM
792,RIGHT ARM,Reward!,Null,Move to RIGHT ARM
793,RIGHT ARM,Reward!,Null,Move to RIGHT ARM
794,RIGHT ARM,Reward!,Null,Move to RIGHT ARM
795,RIGHT ARM,Reward!,Null,Move to RIGHT ARM
796,RIGHT ARM,Reward!,Null,Move to RIGHT ARM
797,RIGHT ARM,Reward!,Null,Move to RIGHT ARM
798,RIGHT ARM,Reward!,Null,Move to RIGHT ARM
799,RIGHT ARM,Reward!,Null,Move to RIGHT ARM
800,RIGHT ARM,Reward!,Null,Move to RIGHT ARM
801,RIGHT ARM,Reward!,Null,Move to RIGHT ARM
802,RIGHT ARM,Loss!,Null,Move to RIGHT ARM
803,RIGHT ARM,Reward!,Null,Move to RIGHT ARM
804,RIGHT ARM,Reward!,Null,Move to RIGHT ARM
805,RIGHT ARM,Reward!,Null,Move to RIGHT ARM
806,RIGHT ARM,Reward!,Null,Move to RIGHT ARM
807,RIGHT ARM,Reward!,Null,Move to RIGHT ARM
808,RIGHT ARM,Reward!,Null,Move to RIGHT ARM
809,RIGHT ARM,Loss!,Null,Move to RIGHT ARM
810,RIGHT ARM,Loss!,Null,Move to RIGHT ARM
811,RIGHT ARM,Reward!,Null,Move to RIGHT ARM
812,RIGHT ARM,Reward!,Null,Move to RIGHT ARM
813,RIGHT ARM,Reward!,Null,Move to RIGHT ARM
814,RIGHT ARM,Reward!,Null,Move to RIGHT ARM
815,RIGHT ARM,Reward!,Null,Move to RIGHT ARM
816,RIGHT ARM,Loss!,Null,Move to RIGHT ARM
817,RIGHT ARM,Reward!,Null,Move to RIGHT ARM
818,RIGHT ARM,Reward!,Null,Move to RIGHT ARM
819,RIGHT ARM,Reward!,Null,Move to RIGHT ARM
820,RIGHT ARM,Reward!,Null,Move to RIGHT ARM
821,RIGHT ARM,Loss!,Null,Move to RIGHT ARM
822,RIGHT ARM,Reward!,Null,Move to RIGHT ARM
823,RIGHT ARM,Loss!,Null,Move to RIGHT ARM
824,RIGHT ARM,Reward!,Null,Move to RIGHT ARM
825,RIGHT ARM,Reward!,Null,Move to RIGHT ARM
826,RIGHT ARM,Reward!,Null,Move to RIGHT ARM
827,RIGHT ARM,Reward!,Null,Move to RIGHT ARM
828,RIGHT ARM,Reward!,Null,Move to RIGHT ARM
829,RIGHT ARM,Reward!,Null,Move to RIGHT ARM
830,RIGHT ARM,Reward!,Null,Move to RIGHT ARM
831,RIGHT ARM,Loss!,Null,Move to RIGHT ARM
832,RIGHT ARM,Reward!,Null,Move to RIGHT ARM
833,RIGHT ARM,Reward!,Null,Move to RIGHT ARM
834,RIGHT ARM,Reward!,Null,Move to RIGHT ARM
835,RIGHT ARM,Reward!,Null,Move to RIGHT ARM
836,RIGHT ARM,Reward!,Null,Move to RIGHT ARM
837,RIGHT ARM,Reward!,Null,Move to RIGHT ARM
838,RIGHT ARM,Reward!,Null,Move to RIGHT ARM
839,RIGHT ARM,Reward!,Null,Move to RIGHT ARM
840,RIGHT ARM,Reward!,Null,Move to RIGHT ARM
841,RIGHT ARM,Reward!,Null,Move to RIGHT ARM
842,RIGHT ARM,Reward!,Null,Move to RIGHT ARM
843,RIGHT ARM,Reward!,Null,Move to RIGHT ARM
844,RIGHT ARM,Reward!,Null,Move to RIGHT ARM
845,RIGHT ARM,Reward!,Null,Move to RIGHT ARM
846,RIGHT ARM,Reward!,Null,Move to RIGHT ARM
847,RIGHT ARM,Reward!,Null,Move to RIGHT ARM
848,RIGHT ARM,Loss!,Null,Move to RIGHT ARM
849,RIGHT ARM,Reward!,Null,Move to RIGHT ARM
850,RIGHT ARM,Reward!,Null,Move to RIGHT ARM
851,RIGHT ARM,Reward!,Null,Move to RIGHT ARM
852,RIGHT ARM,Reward!,Null,Move to RIGHT ARM
853,RIGHT ARM,Reward!,Null,Move to RIGHT ARM
854,RIGHT ARM,Reward!,Null,Move to RIGHT ARM
855,RIGHT ARM,Reward!,Null,Move to RIGHT ARM
856,RIGHT ARM,Reward!,Null,Move to RIGHT ARM
857,RIGHT ARM,Reward!,Null,Move to RIGHT ARM
858,RIGHT ARM,Reward!,Null,Move to RIGHT ARM
859,RIGHT ARM,Loss!,Null,Move to RIGHT ARM
860,RIGHT ARM,Reward!,Null,Move to RIGHT ARM
861,RIGHT ARM,Reward!,Null,Move to RIGHT ARM
862,RIGHT ARM,Reward!,Null,Move to RIGHT ARM
863,RIGHT ARM,Reward!,Null,Move to RIGHT ARM
864,RIGHT ARM,Reward!,Null,Move to RIGHT ARM
865,RIGHT ARM,Reward!,Null,Move to RIGHT ARM
866,RIGHT ARM,Reward!,Null,Move to RIGHT ARM
867,RIGHT ARM,Reward!,Null,Move to RIGHT ARM
868,RIGHT ARM,Reward!,Null,Move to RIGHT ARM
869,RIGHT ARM,Reward!,Null,Move to RIGHT ARM
870,RIGHT ARM,Reward!,Null,Move to RIGHT ARM
871,RIGHT ARM,Reward!,Null,Move to RIGHT ARM
872,RIGHT ARM,Reward!,Null,Move to RIGHT ARM
873,RIGHT ARM,Reward!,Null,Move to RIGHT ARM
874,RIGHT ARM,Loss!,Null,Move to RIGHT ARM
875,RIGHT ARM,Loss!,Null,Move to RIGHT ARM
876,RIGHT ARM,Reward!,Null,Move to RIGHT ARM
877,RIGHT ARM,Reward!,Null,Move to RIGHT ARM
878,RIGHT ARM,Reward!,Null,Move to RIGHT ARM
879,RIGHT ARM,Reward!,Null,Move to RIGHT ARM
880,RIGHT ARM,Reward!,Null,Move to RIGHT ARM
881,RIGHT ARM,Reward!,Null,Move to RIGHT ARM
882,RIGHT ARM,Reward!,Null,Move to RIGHT ARM
883,RIGHT ARM,Reward!,Null,Move to RIGHT ARM
884,RIGHT ARM,Reward!,Null,Move to RIGHT ARM
885,RIGHT ARM,Loss!,Null,Move to RIGHT ARM
886,RIGHT ARM,Reward!,Null,Move to RIGHT ARM
887,RIGHT ARM,Reward!,Null,Move to RIGHT ARM
888,RIGHT ARM,Reward!,Null,Move to RIGHT ARM
889,RIGHT ARM,Reward!,Null,Move to RIGHT ARM
890,RIGHT ARM,Loss!,Null,Move to RIGHT ARM
891,RIGHT ARM,Reward!,Null,Move to RIGHT ARM
892,RIGHT ARM,Reward!,Null,Move to RIGHT ARM
893,RIGHT ARM,Reward!,Null,Move to RIGHT ARM
894,RIGHT ARM,Reward!,Null,Move to RIGHT ARM
895,RIGHT ARM,Reward!,Null,Move to RIGHT ARM
896,RIGHT ARM,Reward!,Null,Move to RIGHT ARM
897,RIGHT ARM,Reward!,Null,Move to RIGHT ARM
898,RIGHT ARM,Reward!,Null,Move to RIGHT ARM
899,RIGHT ARM,Reward!,Null,Move to RIGHT ARM
900,RIGHT ARM,Reward!,Null,Move to RIGHT ARM
901,RIGHT ARM,Reward!,Null,Move to RIGHT ARM
902,RIGHT ARM,Reward!,Null,Move to RIGHT ARM
903,RIGHT ARM,Reward!,Null,Move to RIGHT ARM
904,RIGHT ARM,Reward!,Null,Move to RIGHT ARM
905,RIGHT ARM,Reward!,Null,Move to RIGHT ARM
906,RIGHT ARM,Loss!,Null,Move to RIGHT ARM
907,RIGHT ARM,Loss!,Null,Move to RIGHT ARM
908,RIGHT ARM,Reward!,Null,Move to RIGHT ARM
909,RIGHT ARM,Reward!,Null,Move to RIGHT ARM
910,RIGHT ARM,Reward!,Null,Move to RIGHT ARM
911,RIGHT ARM,Reward!,Null,Move to RIGHT ARM
912,RIGHT ARM,Reward!,Null,Move to RIGHT ARM
913,RIGHT ARM,Loss!,Null,Move to RIGHT ARM
914,RIGHT ARM,Reward!,Null,Move to RIGHT ARM
915,RIGHT ARM,Reward!,Null,Move to RIGHT ARM
916,RIGHT ARM,Reward!,Null,Move to RIGHT ARM
917,RIGHT ARM,Reward!,Null,Move to RIGHT ARM
918,RIGHT ARM,Reward!,Null,Move to RIGHT ARM
919,RIGHT ARM,Reward!,Null,Move to RIGHT ARM
920,RIGHT ARM,Reward!,Null,Move to RIGHT ARM
921,RIGHT ARM,Reward!,Null,Move to RIGHT ARM
922,RIGHT ARM,Loss!,Null,Move to RIGHT ARM
923,RIGHT ARM,Reward!,Null,Move to RIGHT ARM
924,RIGHT ARM,Reward!,Null,Move to RIGHT ARM
925,RIGHT ARM,Loss!,Null,Move to RIGHT ARM
926,RIGHT ARM,Reward!,Null,Move to RIGHT ARM
927,RIGHT ARM,Reward!,Null,Move to RIGHT ARM
928,RIGHT ARM,Reward!,Null,Move to RIGHT ARM
929,RIGHT ARM,Reward!,Null,Move to RIGHT ARM
930,RIGHT ARM,Reward!,Null,Move to RIGHT ARM
931,RIGHT ARM,Loss!,Null,Move to RIGHT ARM
932,RIGHT ARM,Reward!,Null,Move to RIGHT ARM
933,RIGHT ARM,Reward!,Null,Move to RIGHT ARM
934,RIGHT ARM,Loss!,Null,Move to RIGHT ARM
935,RIGHT ARM,Reward!,Null,Move to RIGHT ARM
936,RIGHT ARM,Reward!,Null,Move to RIGHT ARM
937,RIGHT ARM,Reward!,Null,Move to RIGHT ARM
938,RIGHT ARM,Reward!,Null,Move to RIGHT ARM
939,RIGHT ARM,Reward!,Null,Move to RIGHT ARM
940,RIGHT ARM,Reward!,Null,Move to RIGHT ARM
941,RIGHT ARM,Reward!,Null,Move to RIGHT ARM
942,RIGHT ARM,Reward!,Null,Move to RIGHT ARM
943,RIGHT ARM,Reward!,Null,Move to RIGHT ARM
944,RIGHT ARM,Reward!,Null,Move to RIGHT ARM
945,RIGHT ARM,Reward!,Null,Move to RIGHT ARM
946,RIGHT ARM,Loss!,Null,Move to RIGHT ARM
947,RIGHT ARM,Reward!,Null,Move to RIGHT ARM
948,RIGHT ARM,Reward!,Null,Move to RIGHT ARM
949,RIGHT ARM,Reward!,Null,Move to RIGHT ARM
950,RIGHT ARM,Loss!,Null,Move to RIGHT ARM
951,RIGHT ARM,Reward!,Null,Move to RIGHT ARM
952,RIGHT ARM,Reward!,Null,Move to RIGHT ARM
953,RIGHT ARM,Reward!,Null,Move to RIGHT ARM
954,RIGHT ARM,Reward!,Null,Move to RIGHT ARM
955,RIGHT ARM,Loss!,Null,Move to RIGHT ARM
956,RIGHT ARM,Reward!,Null,Move to RIGHT ARM
957,RIGHT ARM,Loss!,Null,Move to RIGHT ARM
958,RIGHT ARM,Reward!,Null,Move to RIGHT ARM
959,RIGHT ARM,Reward!,Null,Move to RIGHT ARM
960,RIGHT ARM,Reward!,Null,Move to RIGHT ARM
961,RIGHT ARM,Reward!,Null,Move to RIGHT ARM
962,RIGHT ARM,Loss!,Null,Move to RIGHT ARM
963,RIGHT ARM,Loss!,Null,Move to RIGHT ARM
964,RIGHT ARM,Reward!,Null,Move to RIGHT ARM
965,RIGHT ARM,Reward!,Null,Move to RIGHT ARM
966,RIGHT ARM,Reward!,Null,Move to RIGHT ARM
967,RIGHT ARM,Loss!,Null,Move to RIGHT ARM
968,RIGHT ARM,Reward!,Null,Move to RIGHT ARM
969,RIGHT ARM,Reward!,Null,Move to RIGHT ARM
970,RIGHT ARM,Reward!,Null,Move to RIGHT ARM
971,RIGHT ARM,Reward!,Null,Move to RIGHT ARM
972,RIGHT ARM,Reward!,Null,Move to RIGHT ARM
973,RIGHT ARM,Loss!,Null,Move to RIGHT ARM
974,RIGHT ARM,Loss!,Null,Move to RIGHT ARM
975,RIGHT ARM,Reward!,Null,Move to RIGHT ARM
976,RIGHT ARM,Reward!,Null,Move to RIGHT ARM
977,RIGHT ARM,Reward!,Null,Move to RIGHT ARM
978,RIGHT ARM,Reward!,Null,Move to RIGHT ARM
979,RIGHT ARM,Reward!,Null,Move to RIGHT ARM
980,RIGHT ARM,Reward!,Null,Move to RIGHT ARM
981,RIGHT ARM,Reward!,Null,Move to RIGHT ARM
982,RIGHT ARM,Reward!,Null,Move to RIGHT ARM
983,RIGHT ARM,Loss!,Null,Move to RIGHT ARM
984,RIGHT ARM,Reward!,Null,Move to RIGHT ARM
985,RIGHT ARM,Reward!,Null,Move to RIGHT ARM
986,RIGHT ARM,Reward!,Null,Move to RIGHT ARM
987,RIGHT ARM,Reward!,Null,Move to RIGHT ARM
988,RIGHT ARM,Reward!,Null,Move to RIGHT ARM
989,RIGHT ARM,Reward!,Null,Move to RIGHT ARM
990,RIGHT ARM,Reward!,Null,Move to RIGHT ARM
991,RIGHT ARM,Reward!,Null,Move to RIGHT ARM
992,RIGHT ARM,Reward!,Null,Move to RIGHT ARM
993,RIGHT ARM,Reward!,Null,Move to RIGHT ARM
994,RIGHT ARM,Reward!,Null,Move to RIGHT ARM
995,RIGHT ARM,Reward!,Null,Move to RIGHT ARM
996,RIGHT ARM,Reward!,Null,Move to RIGHT ARM
997,RIGHT ARM,Reward!,Null,Move to RIGHT ARM
998,RIGHT ARM,Reward!,Null,Move to RIGHT ARM
999,RIGHT ARM,Loss!,Null,Move to RIGHT ARM
